<?xml version='1.0' encoding='UTF-8'?>  
<!DOCTYPE hibernate-mapping PUBLIC  
 "-//Hibernate/Hibernate Mapping DTD 5.3//EN"  
 "http://www.hibernate.org/dtd/hibernate-mapping-3.0.dtd">

<hibernate-mapping>


	<class name="com.thinkitive.dictionary.Dictionary" table="Dictionary">
		<id name="id" column="id" type="int">
		 <generator class="identity" />
		</id>

		<property name="word" column="word" type="string"></property>
		<property name="meaning" column="meaning" type="string"></property>

	</class>
	
	<class name="com.thinkitive.dictionary.Members" table="Members">
		<id name="id" column="id" type="int">
		<generator class="identity" />
		</id>

		<property name="mname" column="mname" type="string"></property>
		<property name="mpass" column="mpass" type="string"></property>

	</class>

	


</hibernate-mapping> 